FullName,ImpactFactor
CA - A Cancer Journal for Clinicians,244.585
Nature Reviews Molecular Cell Biology,66.848
Quarterly Journal of Economics,53.076
Nature Reviews Cancer,52.28
Nature Reviews Drug Discovery,51.848
Nature Reviews Immunology,49.957
Cell,46.26
New England Journal of Medicine,45.541
Nature Medicine,45.418
The Lancet,45.217
Nature,44.917
Science,43.682
Nature Reviews Materials,43.273
Nature Energy,41.933
Nature Reviews Genetics,40.158
Journal of Political Economy,38.694
Econometrica,38.67
Nature Biotechnology,38.312
Nature Reviews Disease Primers,37.389
Reviews of Modern Physics,37.06
Chemical Reviews,36.56
Nature Genetics,34.25
The Lancet Neurology,33.564
American Economic Review,32.747
Nature Reviews Clinical Oncology,32.32
The Lancet Oncology,31.782
Nature Reviews Microbiology,31.603
Cell Host and Microbe,30.315
Immunity,29.988
Nature Immunology,29.35
The Lancet Infectious Diseases,28.271
Nature Catalysis,27.915
JAMA - Journal of the American Medical Association,27.13
Nature Reviews Nephrology,26.963
Nature Materials,26.541
Cancer Cell,26.068
The Lancet Respiratory Medicine,25.869
Nature Reviews Cardiology,25.795
Nature Reviews Gastroenterology and Hepatology,25.409
Nature Methods,25.328
Nature Reviews Endocrinology,24.872
Nature Photonics,24.368
Review of Economic Studies,24.162
Science Immunology,23.364
Annual Review of Immunology,23.011
JAMA Oncology,22.868
The Lancet Diabetes and Endocrinology,22.651
Science Robotics,22.428
Cell Stem Cell,22.387
Nature Neuroscience,22.094
Nature Chemistry,21.966
Annual Review of Biochemistry,21.848
Journal of Finance,21.842
Nature Biomedical Engineering,21.267
Cell Metabolism,21.246
Journal of Financial Economics,21.23
Living Reviews in Relativity,20.8
Advanced Materials,20.732
Energy and Environmental Science,20.523
Neuron,20.395
Accounts of Chemical Research,20.34
The Lancet Psychiatry,20.255
The Lancet Global Health,20.239
Nature Climate Change,20.083
Annual Review of Astronomy and Astrophysics,19.952
Chemical Society Reviews,19.664
JAMA Internal Medicine,19.165
Nature Physics,18.967
Nature Electronics,18.73
Cancer Discovery,18.577
Journal of Clinical Oncology,18.257
Molecular Cell,18.241
Nature Structural and Molecular Biology,18.109
The Review of Financial Studies,17.965
Cell Research,17.848
Materials Science and Engineering R: Reports,17.821
Advanced Energy Materials,17.472
Joule,16.897
Annual Review of Psychology,16.733
Physiological Reviews,16.524
Science Translational Medicine,16.304
Gastroenterology,16.096
Journal of the American College of Cardiology,15.89
Gut,15.656
European Heart Journal,15.637
Hepatology,15.201
JAMA Cardiology,15.109
Circulation,15.074
Pharmacological Reviews,15.033
Annual Review of Fluid Mechanics,14.944
Nature Reviews Neurology,14.869
Molecular Cancer,14.596
Nature Reviews Urology,14.542
Physics Reports,14.495
Progress in Polymer Science,14.426
Progress in Energy and Combustion Science,14.39
Nature Reviews Rheumatology,14.364
Journal of Experimental Medicine,14.307
Annual Review of Plant Biology,14.28
Blood,13.91
Annual Review of Condensed Matter Physics,13.84
Advanced Functional Materials,13.62
Genes and Development,13.56
Annual Review of Pathology: Mechanisms of Disease,13.475
Journal of Hepatology,13.395
Nature Cell Biology,13.268
Annals of Oncology,13.061
Progress in Materials Science,13.033
Annual Review of Clinical Psychology,12.833
JAMA Psychiatry,12.822
European Urology,12.782
Journal of Clinical Investigation,12.775
ACS Nano,12.598
Nano Letters,12.539
American Journal of Respiratory and Critical Care Medicine,12.43
Trends in Cognitive Sciences,12.429
Psychological Bulletin,12.392
Annual Review of Neuroscience,12.383
Annals of the Rheumatic Diseases,12.35
The Lancet HIV,12.189
Nano Today,12.164
Annual Review of Physical Chemistry,11.967
Trends in Plant Science,11.89
Nano Energy,11.87
Coordination Chemistry Reviews,11.756
American Journal of Psychiatry,11.667
Journal of the American Chemical Society,11.649
Current Biology,11.58
Angewandte Chemie - International Edition,11.493
Current Opinion in Cell Biology,11.458
Developmental Cell,11.393
Journal of Economic Literature,11.233
eLife,11.19
Trends in Immunology,11.121
EMBO Journal,11.099
Trends in Neurosciences,10.976
Clinical Cancer Research,10.941
PLoS Medicine,10.849
Circulation Research,10.749
Trends in Cell Biology,10.729
Journal of Thoracic Oncology,10.708
Nucleic Acids Research,10.662
Journal of Extracellular Vesicles,10.64
Nature Protocols,10.613
Psychological Review,10.603
Applied Catalysis B: Environmental,10.518
Nature Communications,10.493
Journal of Allergy and Clinical Immunology,10.428
Clinical Microbiology Reviews,10.37
BMJ (Online),10.34
Annals of Internal Medicine,10.27
Nature Human Behaviour,10.219
Current Opinion in Immunology,10.158
Renewable and Sustainable Energy Reviews,10.134
World Psychiatry,10.125
Trends in Pharmacological Sciences,10.05
Science Advances,9.921
Proceedings of the National Academy of Sciences of the United States of America,9.851
Annual Review of Earth and Planetary Sciences,9.792
Physical Review Letters,9.699
Annual Review of Genetics,9.658
EMBO Molecular Medicine,9.654
Journal of the European Academy of Dermatology and Venereology,9.638
Diabetes Care,9.631
ACS Central Science,9.584
Autophagy,9.554
Diabetes,9.513
"Journal of Cachexia, Sarcopenia and Muscle",9.458
Arthritis and Rheumatology,9.445
Progress in Retinal and Eye Research,9.408
Brain,9.39
Living Reviews in Solar Physics,9.333
Leukemia,9.332
Trends in Microbiology,9.309
Small,9.255
Allergy: European Journal of Allergy and Clinical Immunology,9.222
Biomaterials,9.213
Journal of Pineal Research,9.15
Trends in Ecology and Evolution,9.117
Biotechnology Advances,9.115
Clinical Infectious Diseases,9.083
Annual Review of Microbiology,9.068
Current Opinion in Biotechnology,9.043
eBioMedicine,8.966
Journal of the National Cancer Institute,8.932
Water Research,8.87
Acta Neuropathologica,8.847
Journal of Heart and Lung Transplantation,8.825
Trends in Genetics,8.814
GigaScience,8.761
Journal of the American Society of Nephrology,8.694
Current Opinion in Structural Biology,8.691
Annual Review of Materials Research,8.647
Molecular Psychiatry,8.618
Chest,8.61
Journal for ImmunoTherapy of Cancer,8.599
Annals of Neurology,8.583
Thorax,8.56
Annual Review of Chemical and Biomolecular Engineering,8.558
Current Opinion in Solid State and Materials Science,8.536
ACS Energy Letters,8.532
Journal of Cell Biology,8.508
Current Opinion in Neurobiology,8.471
Materials Today,8.455
European Respiratory Journal,8.399
The ISME Journal,8.331
Journal of Controlled Release,8.304
Nature Plants,8.271
Nature Microbiology,8.258
Biofabrication,8.253
Molecular Systems Biology,8.232
Green Chemistry,8.19
Systematic Biology,8.182
Intensive Care Medicine,8.158
Kidney International,8.129
Biological Psychiatry,8.083
Journal of Neuroscience,8.046
ACS Catalysis,7.962
Annual Review of Environment and Resources,7.95
Trends in Biochemical Sciences,7.915
Chemical Communications,7.886
Journal of Financial and Quantitative Analysis,7.885
Chemical Science,7.854
Alzheimer's and Dementia,7.852
Psychotherapy and Psychosomatics,7.848
Plant Cell,7.828
Journal of Nuclear Medicine,7.818
Biological Reviews,7.813
Oncogene,7.804
International Journal of Epidemiology,7.777
American Journal of Bioethics,7.755
Movement Disorders,7.728
Lancet Public Health,7.725
Journal of Marketing,7.712
Journal of Immunology,7.708
The Plant Journal,7.697
Critical Care Medicine,7.695
Management Science,7.683
Neurology,7.674
Journal of Management,7.652
Journal of Economic Perspectives,7.643
Sleep Medicine Reviews,7.632
FEMS Microbiology Reviews,7.609
Bone Marrow Transplantation,7.568
PLoS Biology,7.545
Annual Review of Phytopathology,7.533
Academy of Management Annals,7.508
Journal of Crohn's and Colitis,7.506
American Journal of Gastroenterology,7.492
Academy of Management Review,7.478
Clinical Gastroenterology and Hepatology,7.47
Nature Reviews Clinical Oncology,7.447
Nature Reviews Cardiology,7.433
Nature Reviews Gastroenterology and Hepatology,7.424
Nature Reviews Endocrinology,7.404
Nature Reviews Neurology,7.398
Nature Reviews Urology,7.367
Nature Reviews Rheumatology,7.348
Science Immunology,7.339
Nature Reviews Nephrology,7.33
Journal of Experimental Medicine,7.291
Science Robotics,7.264
Cell Metabolism,7.215
Cell Stem Cell,7.189
JAMA Cardiology,7.16
JAMA Oncology,7.124
The Lancet Diabetes and Endocrinology,7.11
The Lancet Global Health,7.106
The Lancet HIV,7.104
The Lancet Psychiatry,7.098
The Lancet Respiratory Medicine,7.097
Science Translational Medicine,7.09
European Heart Journal,7.086
The Lancet Infectious Diseases,7.085
The Lancet Neurology,7.07
The Lancet Oncology,7.042
JAMA Internal Medicine,7.039
Nature Neuroscience,7.026
Nature Immunology,7.021
Immunity,7.012
Cell Host and Microbe,6.99
Neuron,6.983
Cancer Cell,6.97
Cell Research,6.958
Molecular Cell,6.945
Nature Cell Biology,6.916
Nature Structural and Molecular Biology,6.907
Nature Genetics,6.897
Nature Biotechnology,6.88
Nature Methods,6.873
Nature Medicine,6.843
Nature Reviews Disease Primers,6.836
Nature Reviews Clinical Oncology,6.828
Nature Reviews Drug Discovery,6.811
Nature Reviews Cancer,6.804
Nature Reviews Molecular Cell Biology,6.793
CA - A Cancer Journal for Clinicians,6.764
Reviews of Modern Physics,6.761
Chemical Reviews,6.757
Quarterly Journal of Economics,6.754
Journal of Political Economy,6.749
Econometrica,6.732
American Economic Review,6.711
Review of Economic Studies,6.689
Journal of Finance,6.671
Journal of Financial Economics,6.643
The Review of Financial Studies,6.619
Journal of Economic Literature,6.598
Management Science,6.581
Academy of Management Annals,6.574
Academy of Management Review,6.568
Journal of Management,6.563
Journal of Marketing,6.559
Journal of Consumer Research,6.551
Marketing Science,6.544
Strategic Management Journal,6.539
Organization Science,6.533
Administrative Science Quarterly,6.528
Journal of Applied Psychology,6.523
Personnel Psychology,6.518
Organizational Behavior and Human Decision Processes,6.512
Journal of Personality and Social Psychology,6.507
Psychological Bulletin,6.501
Psychological Review,6.496
Annual Review of Psychology,6.491
Trends in Cognitive Sciences,6.486
Perspectives on Psychological Science,6.481
Current Directions in Psychological Science,6.476
Psychological Science,6.47
Journal of Experimental Psychology: General,6.463
Cognitive Psychology,6.457
Cognition,6.451
Emotion,6.446
Journal of Memory and Language,6.44
Developmental Psychology,6.434
Child Development,6.429
Journal of Child Psychology and Psychiatry and Allied Disciplines,6.423
Journal of the American Academy of Child and Adolescent Psychiatry,6.417
Journal of Consulting and Clinical Psychology,6.412
Clinical Psychology Review,6.406
Clinical Psychological Science,6.4
Psychological Medicine,6.394
Journal of Abnormal Psychology,6.388
Health Psychology,6.382
Journal of Clinical and Experimental Neuropsychology,6.376
Neuropsychology Review,6.37
Neuropsychology,6.364
NeuroImage,6.357
Human Brain Mapping,6.35
Cerebral Cortex,6.344
Journal of Cognitive Neuroscience,6.338
Brain and Language,6.332
Cortex,6.326
Neurobiology of Aging,6.32
Journal of Neuroscience,6.314
European Journal of Neuroscience,6.308
Neuroscience and Biobehavioral Reviews,6.302
Progress in Neurobiology,6.296
Trends in Neurosciences,6.29
Annual Review of Neuroscience,6.284
"Brain, Behavior, and Immunity",6.278
Glia,6.272
Journal of Comparative Neurology,6.266
Journal of Neurochemistry,6.26
Journal of Neurophysiology,6.254
Journal of Neuroinflammation,6.248
Molecular Neurodegeneration,6.242
Acta Neuropathologica,6.236
Brain Pathology,6.23
Molecular Psychiatry,6.224
Biological Psychiatry,6.218
JAMA Psychiatry,6.212
American Journal of Psychiatry,6.206
World Psychiatry,6.2
Schizophrenia Bulletin,6.194
Schizophrenia Research,6.188
Bipolar Disorders,6.182
Journal of Affective Disorders,6.176
Depression and Anxiety,6.17
Journal of Psychiatric Research,6.164
Psychiatry Research,6.158
Psychoneuroendocrinology,6.152
Addiction,6.146
Addiction Biology,6.14
Drug and Alcohol Dependence,6.134
Alcoholism: Clinical and Experimental Research,6.128
Journal of Studies on Alcohol and Drugs,6.122
Nicotine and Tobacco Research,6.116
"Substance Abuse Treatment, Prevention, and Policy",6.11
Tobacco Control,6.104
BMJ,6.098
PLoS Medicine,6.092
Annals of Internal Medicine,6.086
JAMA,6.08
The Lancet,6.074
New England Journal of Medicine,6.068
Journal of the American College of Cardiology,6.062
European Heart Journal,6.056
Circulation,6.05
Circulation Research,6.044
Heart,6.038
Journal of the American Heart Association,6.032
Stroke,6.026
Hypertension,6.02
"Arteriosclerosis, Thrombosis, and Vascular Biology",6.014
Journal of Thrombosis and Haemostasis,6.008
Blood,6.002
Leukemia,5.996
Haematologica,5.99
British Journal of Haematology,5.984
Journal of Clinical Oncology,5.978
Annals of Oncology,5.972
Cancer Research,5.966
Clinical Cancer Research,5.96
British Journal of Cancer,5.954
International Journal of Cancer,5.948
Carcinogenesis,5.942
Oncogene,5.936
Molecular Cancer Research,5.93
Cancer Letters,5.924
Molecular Carcinogenesis,5.918
"Genes, Chromosomes and Cancer",5.912
Neoplasia,5.906
Cancer,5.9
European Journal of Cancer,5.894
The Oncologist,5.888
Breast Cancer Research and Treatment,5.882
Breast Cancer Research,5.876
Gynecologic Oncology,5.87
Lung Cancer,5.864
Journal of Thoracic Oncology,5.858
Head and Neck,5.852
Oral Oncology,5.846
Urologic Oncology: Seminars and Original Investigations,5.84
Prostate,5.834
International Journal of Radiation Oncology Biology Physics,5.828
Radiation Research,5.822
Radiotherapy and Oncology,5.816
Journal of Nuclear Medicine,5.81
European Journal of Nuclear Medicine and Molecular Imaging,5.804
Clinical Nuclear Medicine,5.798
Thyroid,5.792
Journal of Clinical Endocrinology and Metabolism,5.786
Endocrine Reviews,5.78
Endocrinology,5.774
Molecular Endocrinology,5.768
Journal of Endocrinology,5.762
European Journal of Endocrinology,5.756
Clinical Endocrinology,5.75
Trends in Endocrinology and Metabolism,5.744
Nature Reviews Endocrinology,5.738
The Lancet Diabetes and Endocrinology,5.732
Diabetes,5.726
Diabetes Care,5.72
Diabetologia,5.714
Metabolism: Clinical and Experimental,5.708
Journal of Lipid Research,5.702
Obesity,5.696
International Journal of Obesity,5.69
Obesity Reviews,5.684
American Journal of Clinical Nutrition,5.678
Journal of Nutrition,5.672
British Journal of Nutrition,5.666
European Journal of Clinical Nutrition,5.66
Annals of Nutrition and Metabolism,5.654
Nutrition Reviews,5.648
Critical Reviews in Food Science and Nutrition,5.642
Trends in Food Science and Technology,5.636
Journal of Agricultural and Food Chemistry,5.63
Food Chemistry,5.624
Journal of Functional Foods,5.618
Food and Chemical Toxicology,5.612
Food Quality and Preference,5.606
Food Control,5.6
LWT - Food Science and Technology,5.594
Journal of Food Engineering,5.588
Innovative Food Science and Emerging Technologies,5.582
Journal of Cereal Science,5.576
Journal of Dairy Science,5.57
Meat Science,5.564
Aquaculture,5.558
Reviews in Aquaculture,5.552
Aquaculture Research,5.546
Journal of the World Aquaculture Society,5.54
Fisheries Research,5.534
ICES Journal of Marine Science,5.528
Canadian Journal of Fisheries and Aquatic Sciences,5.522
Transactions of the American Fisheries Society,5.516
North American Journal of Fisheries Management,5.51
Journal of Fish Biology,5.504
Reviews in Fish Biology and Fisheries,5.498
Fish and Shellfish Immunology,5.492
Developmental and Comparative Immunology,5.486
Veterinary Immunology and Immunopathology,5.48
Fish Physiology and Biochemistry,5.474
Journal of Fish Diseases,5.468
Diseases of Aquatic Organisms,5.462
Aquatic Toxicology,5.456
Environmental Toxicology and Chemistry,5.45
Ecotoxicology and Environmental Safety,5.444
Chemosphere,5.438
Environmental Pollution,5.432
Science of the Total Environment,5.426
Environment International,5.42
Environmental Science and Technology,5.414
Water Research,5.408
Water Resources Research,5.402
Journal of Hydrology,5.396
Advances in Water Resources,5.39
Hydrology and Earth System Sciences,5.384
Remote Sensing of Environment,5.378
ISPRS Journal of Photogrammetry and Remote Sensing,5.372
IEEE Transactions on Geoscience and Remote Sensing,5.366
IEEE Journal of Selected Topics in Applied Earth Observations and Remote Sensing,5.36
IEEE Geoscience and Remote Sensing Letters,5.354
Geoderma,5.348
Soil Biology and Biochemistry,5.342
Plant and Soil,5.336
Biology and Fertility of Soils,5.33
Soil Science Society of America Journal,5.324
European Journal of Soil Science,5.318
Catena,5.312
Journal of Plant Nutrition and Soil Science,5.306
Soil and Tillage Research,5.3
"Agriculture, Ecosystems and Environment",5.294
Field Crops Research,5.288
European Journal of Agronomy,5.282
Agronomy for Sustainable Development,5.276
Agronomy Journal,5.27
Crop Science,5.264
Theoretical and Applied Genetics,5.258
Plant Breeding,5.252
Molecular Breeding,5.246
Euphytica,5.24
Plant Science,5.234
Journal of Experimental Botany,5.228
Plant Physiology,5.222
The Plant Cell,5.216
The Plant Journal,5.21
Annual Review of Plant Biology,5.204
Trends in Plant Science,5.198
New Phytologist,5.192
"Plant, Cell and Environment",5.186
Functional Plant Biology,5.18
Journal of Ecology,5.174
Ecology Letters,5.168
Ecology,5.162
"Annual Review of Ecology, Evolution, and Systematics",5.156
Trends in Ecology and Evolution,5.15
Global Change Biology,5.144
Global Ecology and Biogeography,5.138
Journal of Biogeography,5.132
Diversity and Distributions,5.126
Ecography,5.12
Journal of Animal Ecology,5.114
Oikos,5.108
Oecologia,5.102
American Naturalist,5.096
Evolution,5.09
Systematic Biology,5.084
Molecular Biology and Evolution,5.078
Molecular Ecology,5.072
Molecular Phylogenetics and Evolution,5.066
Genetics,5.06
Heredity,5.054
Journal of Evolutionary Biology,5.048
Journal of Heredity,5.042
Behavioral Ecology and Sociobiology,5.036
Behavioral Ecology,5.03
Animal Behaviour,5.024
Ethology,5.018
Journal of Insect Behavior,5.012
Insectes Sociaux,5.006
Myrmecological News,5
Apidologie,4.994
Journal of Apicultural Research,4.988
Journal of Economic Entomology,4.982
Journal of Medical Entomology,4.976
Medical and Veterinary Entomology,4.97
Journal of Vector Ecology,4.964
Parasites and Vectors,4.958
Parasitology Research,4.952
Parasitology,4.946
Trends in Parasitology,4.94
International Journal for Parasitology,4.934
Experimental Parasitology,4.928
Veterinary Parasitology,4.922
Ticks and Tick-borne Diseases,4.916
Emerging Infectious Diseases,4.91
The Lancet Infectious Diseases,4.904
Clinical Infectious Diseases,4.898
Journal of Infectious Diseases,4.892
Infection and Immunity,4.886
FEMS Microbiology Reviews,4.88
Nature Reviews Microbiology,4.874
Trends in Microbiology,4.868
Current Opinion in Microbiology,4.862
Annual Review of Microbiology,4.856
Applied and Environmental Microbiology,4.85
International Journal of Systematic and Evolutionary Microbiology,4.844
Systematic and Applied Microbiology,4.838
"Antonie van Leeuwenhoek, Journal of Microbiology",4.832
Journal of Bacteriology,4.826
Molecular Microbiology,4.82
Environmental Microbiology,4.814
The ISME Journal,4.808
FEMS Microbiology Ecology,4.802
Microbial Ecology,4.796
Applied Soil Ecology,4.79
Fungal Diversity,4.784
Fungal Ecology,4.778
Fungal Biology,4.772
Mycologia,4.766
IMA Fungus,4.76
Persoonia,4.754
Studies in Mycology,4.748
Mycoses,4.742
Medical Mycology,4.736
Journal of Fungi,4.73
Virulence,4.724
Virology Journal,4.718
Journal of Virology,4.712
Journal of General Virology,4.706
Virology,4.7
Viruses,4.694
Retrovirology,4.688
AIDS Research and Human Retroviruses,4.682
Journal of Acquired Immune Deficiency Syndromes,4.676
AIDS,4.67
The Lancet HIV,4.664
Current Opinion in HIV and AIDS,4.658
Journal of the International AIDS Society,4.652
HIV Medicine,4.646
Antiviral Therapy,4.64
Antiviral Research,4.634
Journal of Antimicrobial Chemotherapy,4.628
Clinical Microbiology and Infection,4.622
Diagnostic Microbiology and Infectious Disease,4.616
Journal of Clinical Microbiology,4.61
European Journal of Clinical Microbiology and Infectious Diseases,4.604
Future Microbiology,4.598
Expert Review of Anti-infective Therapy,4.592
Current Opinion in Infectious Diseases,4.586
Infection Control and Hospital Epidemiology,4.58
American Journal of Infection Control,4.574
Journal of Hospital Infection,4.568
Antimicrobial Agents and Chemotherapy,4.562
PLoS Pathogens,4.556
mBio,4.55
Cell Host and Microbe,4.544
"Infection, Genetics and Evolution",4.538
Zoonoses and Public Health,4.532
Transboundary and Emerging Diseases,4.526
Preventive Veterinary Medicine,4.52
The Veterinary Journal,4.514
Veterinary Record,4.508
Journal of the American Veterinary Medical Association,4.502
Journal of Veterinary Internal Medicine,4.496
Journal of Veterinary Pharmacology and Therapeutics,4.49
Research in Veterinary Science,4.484
Veterinary Research,4.478
BMC Veterinary Research,4.472
Journal of Small Animal Practice,4.466
Journal of Feline Medicine and Surgery,4.46
The Veterinary Clinics of North America. Small Animal Practice,4.454
Veterinary Surgery,4.448
Veterinary and Comparative Oncology,4.442
Veterinary and Comparative Orthopaedics and Traumatology,4.436
Veterinary Radiology and Ultrasound,4.43
Veterinary Dermatology,4.424
Veterinary Ophthalmology,4.418
Veterinary Clinical Pathology,4.412
Journal of Veterinary Diagnostic Investigation,4.406
Journal of Comparative Pathology,4.4
"Comparative Immunology, Microbiology and Infectious Diseases",4.394
Developmental Biology,4.388
Mechanisms of Development,4.382
Genesis,4.376
Differentiation,4.37
Cell and Tissue Research,4.364
Histochemistry and Cell Biology,4.358
Journal of Histochemistry and Cytochemistry,4.352
Acta Histochemica,4.346
European Journal of Cell Biology,4.34
Journal of Cell Science,4.334
Molecular Biology of the Cell,4.328
Traffic,4.322
Current Opinion in Cell Biology,4.316
Trends in Cell Biology,4.31
Nature Cell Biology,4.304
EMBO Reports,4.298
The EMBO Journal,4.292
Journal of Cell Biology,4.286
eLife,4.28
Developmental Cell,4.274
Current Biology,4.268
Genes and Development,4.262
Molecular Cell,4.256
Cell,4.25
Annual Review of Cell and Developmental Biology,4.244
Current Topics in Developmental Biology,4.238
Advances in Cancer Research,4.232
Cancer Research,4.226
Advances in Immunology,4.22
Annual Review of Immunology,4.214
Nature Reviews Immunology,4.208
Trends in Immunology,4.202
Current Opinion in Immunology,4.196
Immunity,4.19
Journal of Experimental Medicine,4.184
Science Immunology,4.178
Nature Immunology,4.172
European Journal of Immunology,4.166
Journal of Immunology,4.16
Immunology,4.154
Immunology and Cell Biology,4.148
Mucosal Immunology,4.142
Journal of Leukocyte Biology,4.136
Inflammation Research,4.13
Mediators of Inflammation,4.124
Cytokine,4.118
Journal of Interferon and Cytokine Research,4.112
Cytokine and Growth Factor Reviews,4.106
Autoimmunity Reviews,4.1
Journal of Autoimmunity,4.094
Autoimmunity,4.088
Clinical and Experimental Immunology,4.082
Scandinavian Journal of Immunology,4.076
Cellular and Molecular Immunology,4.07
Allergy,4.064
Clinical and Experimental Allergy,4.058
International Archives of Allergy and Immunology,4.052
Journal of Allergy and Clinical Immunology,4.046
Journal of Allergy and Clinical Immunology: In Practice,4.04
Current Allergy and Asthma Reports,4.034
"Annals of Allergy, Asthma and Immunology",4.028
World Allergy Organization Journal,4.022
Immunologic Research,4.016
Frontiers in Immunology,4.01
Journal for ImmunoTherapy of Cancer,4.004
"Cancer Immunology, Immunotherapy",3.998
OncoImmunology,3.992
Clinical and Vaccine Immunology,3.986
Vaccine,3.98
Human Vaccines and Immunotherapeutics,3.974
Expert Review of Vaccines,3.968
NPJ Vaccines,3.962
Transplantation,3.956
American Journal of Transplantation,3.95
Xenotransplantation,3.944
Stem Cells and Development,3.938
Stem Cell Research,3.932
Stem Cell Reports,3.926
Stem Cells,3.92
Cell Stem Cell,3.914
Stem Cell Research and Therapy,3.908
Cytotherapy,3.902
Journal of Tissue Engineering and Regenerative Medicine,3.896
Tissue Engineering - Part A,3.89
Tissue Engineering - Part B: Reviews,3.884
Tissue Engineering - Part C: Methods,3.878
Acta Biomaterialia,3.872
Biomaterials,3.866
Journal of Biomedical Materials Research - Part A,3.86
Journal of Biomedical Materials Research - Part B: Applied Biomaterials,3.854
Journal of Materials Chemistry B,3.848
Advanced Healthcare Materials,3.842
ACS Applied Materials and Interfaces,3.836
Advanced Functional Materials,3.83
Advanced Materials,3.824
Small,3.818
Nano Letters,3.812
ACS Nano,3.806
Nature Nanotechnology,3.8
Nano Today,3.794
Wiley Interdisciplinary Reviews: Nanomedicine and Nanobiotechnology,3.788
"Nanomedicine: Nanotechnology, Biology, and Medicine",3.782
Nanomedicine,3.776
Journal of Controlled Release,3.77
Drug Delivery,3.764
Journal of Drug Targeting,3.758
Expert Opinion on Drug Delivery,3.752
Advanced Drug Delivery Reviews,3.746
Molecular Pharmaceutics,3.74
Journal of Pharmaceutical Sciences,3.734
European Journal of Pharmaceutics and Biopharmaceutics,3.728
International Journal of Pharmaceutics,3.722
AAPS Journal,3.716
Pharmaceutical Research,3.71
Pharmacological Reviews,3.704
Annual Review of Pharmacology and Toxicology,3.698
Trends in Pharmacological Sciences,3.692
Nature Reviews Drug Discovery,3.686
British Journal of Pharmacology,3.68
Naunyn-Schmiedeberg's Archives of Pharmacology,3.674
European Journal of Pharmacology,3.668
Pharmacology and Therapeutics,3.662
Biochemical Pharmacology,3.656
Toxicology and Applied Pharmacology,3.65
Toxicological Sciences,3.644
Toxicology,3.638
Archives of Toxicology,3.632
Critical Reviews in Toxicology,3.626
Annual Review of Food Science and Technology,3.62
Comprehensive Reviews in Food Science and Food Safety,3.614
Food Research International,3.608
Trends in Food Science & Technology,3.602
Food Reviews International,3.596
Journal of Food Science,3.59
Journal of Food Protection,3.584
Food Microbiology,3.578
International Journal of Food Microbiology,3.572
Foodborne Pathogens and Disease,3.566
Journal of AOAC INTERNATIONAL,3.56
"Food Additives and Contaminants - Part A Chemistry, Analysis, Control, Exposure and Risk Assessment",3.554
Food Analytical Methods,3.548
Journal of Chromatography B: Analytical Technologies in the Biomedical and Life Sciences,3.542
Journal of Chromatography A,3.536
TrAC - Trends in Analytical Chemistry,3.53
Analytical Chemistry,3.524
Analytica Chimica Acta,3.518
Talanta,3.512
Microchimica Acta,3.506
"Sensors and Actuators, B: Chemical",3.5
Biosensors and Bioelectronics,3.494
The Analyst,3.488
Analytical and Bioanalytical Chemistry,3.482
Journal of Analytical Atomic Spectrometry,3.476
Spectrochimica Acta - Part B Atomic Spectroscopy,3.47
Journal of Mass Spectrometry,3.464
Rapid Communications in Mass Spectrometry,3.458
Analytical Methods,3.452
Journal of Separation Science,3.446
Electrophoresis,3.44
Journal of Proteome Research,3.434
Proteomics,3.428
Molecular and Cellular Proteomics,3.422
Journal of the American Society for Mass Spectrometry,3.416
Proteomics - Clinical Applications,3.41
Expert Review of Proteomics,3.404
Metabolomics,3.398
Journal of Proteomics,3.392
"Genomics, Proteomics and Bioinformatics",3.386
Bioinformatics,3.38
PLoS Computational Biology,3.374
BMC Bioinformatics,3.368
Briefings in Bioinformatics,3.362
Nucleic Acids Research,3.356
Database,3.35
GigaScience,3.344
Journal of Chemical Information and Modeling,3.338
Journal of Cheminformatics,3.332
Journal of Molecular Graphics and Modelling,3.326
Journal of Computer-Aided Molecular Design,3.32
"Proteins: Structure, Function and Bioinformatics",3.314
Biophysical Journal,3.308
Quarterly Reviews of Biophysics,3.302
Annual Review of Biophysics,3.296
Current Opinion in Structural Biology,3.29
Progress in Biophysics and Molecular Biology,3.284
Structure,3.278
Nature Structural and Molecular Biology,3.272
Journal of Molecular Biology,3.266
Biochemistry,3.26
Journal of Biological Chemistry,3.254
FEBS Letters,3.248
FEBS Journal,3.242
Biochemical Journal,3.236
Archives of Biochemistry and Biophysics,3.23
Biochimica et Biophysica Acta - General Subjects,3.224
Biochimica et Biophysica Acta - Molecular Cell Research,3.218
Biochimica et Biophysica Acta - Bioenergetics,3.212
Biochimica et Biophysica Acta - Biomembranes,3.206
Biochimica et Biophysica Acta - Molecular Basis of Disease,3.2
Biochimica et Biophysica Acta - Reviews on Cancer,3.194
Biochimica et Biophysica Acta - Gene Regulatory Mechanisms,3.188
Biochimica et Biophysica Acta - Proteins and Proteomics,3.182
Free Radical Biology and Medicine,3.176
Redox Biology,3.17
Antioxidants and Redox Signaling,3.164
Nitric Oxide - Biology and Chemistry,3.158
Journal of Inorganic Biochemistry,3.152
Metallomics,3.146
Dalton Transactions,3.14
Inorganic Chemistry,3.134
Coordination Chemistry Reviews,3.128
Chemical Communications,3.122
Angewandte Chemie - International Edition,3.116
Chemical Science,3.11
Journal of the American Chemical Society,3.104
Nature Chemistry,3.098
Chemical Society Reviews,3.092
Accounts of Chemical Research,3.086
Chemical Reviews,3.08
Green Chemistry,3.074
ChemSusChem,3.068
ACS Sustainable Chemistry and Engineering,3.062
Energy and Environmental Science,3.056
Advanced Energy Materials,3.05
Journal of Materials Chemistry A,3.044
Advanced Science,3.038
Advanced Materials Interfaces,3.032
ACS Applied Energy Materials,3.026
Chemistry of Materials,3.02
Journal of Physical Chemistry C,3.014
Journal of Physical Chemistry Letters,3.008
Physical Chemistry Chemical Physics,3.002
Journal of Chemical Physics,2.996
Annual Review of Physical Chemistry,2.99
Journal of Physical Chemistry B,2.984
Journal of Physical Chemistry A,2.978
The Journal of Physical Chemistry,2.972
Langmuir,2.966
Journal of Colloid and Interface Science,2.96
Advances in Colloid and Interface Science,2.954
Current Opinion in Colloid and Interface Science,2.948
Soft Matter,2.942
Macromolecules,2.936
Polymer Chemistry,2.93
Progress in Polymer Science,2.924
European Polymer Journal,2.918
Polymer,2.912
Reactive and Functional Polymers,2.906
Macromolecular Rapid Communications,2.9
Macromolecular Bioscience,2.894
Biomacromolecules,2.888
Carbohydrate Polymers,2.882
International Journal of Biological Macromolecules,2.876
Colloids and Surfaces B: Biointerfaces,2.87
Acta Physica Polonica A,2.864
Acta Physica Polonica B,2.858
Acta Materialia,2.852
Scripta Materialia,2.846
Materials Science and Engineering A,2.84
Materials Science and Engineering R: Reports,2.834
Progress in Materials Science,2.828
Journal of the Mechanics and Physics of Solids,2.822
International Journal of Solids and Structures,2.816
Journal of the European Ceramic Society,2.81
Journal of the American Ceramic Society,2.804
Corrosion Science,2.798
Electrochimica Acta,2.792
Journal of the Electrochemical Society,2.786
Journal of Power Sources,2.78
Journal of Solid State Chemistry,2.774
Solid State Ionics,2.768
Journal of Alloys and Compounds,2.762
Intermetallics,2.756
Journal of Magnetism and Magnetic Materials,2.75
IEEE Transactions on Magnetics,2.744
AIP Advances,2.738
Journal of Applied Physics,2.732
Applied Physics Letters,2.726
Physical Review B,2.72
Physical Review Letters,2.714
Reviews of Modern Physics,2.708
Reports on Progress in Physics,2.702
Physics Reports,2.696
Journal of Physics Condensed Matter,2.69
Applied Surface Science,2.684
Surface Science Reports,2.678
Surface and Coatings Technology,2.672
Thin Solid Films,2.666
"Journal of Vacuum Science and Technology A: Vacuum, Surfaces and Films",2.66
Journal of Vacuum Science and Technology B: Nanotechnology and Microelectronics,2.654
Journal of Microelectromechanical Systems,2.648
Lab on a Chip,2.642
Microfluidics and Nanofluidics,2.636
Optics Express,2.63
Optics Letters,2.624
Nature Photonics,2.618
Laser and Photonics Reviews,2.612
IEEE Journal of Quantum Electronics,2.606
IEEE Photonics Technology Letters,2.6
Optica,2.594
Journal of Lightwave Technology,2.588
Journal of the Optical Society of America B: Optical Physics,2.582
"Journal of the Optical Society of America A: Optics and Image Science, and Vision",2.576
Applied Optics,2.57
Journal of Modern Optics,2.564
Optics Communications,2.558
Optical Engineering,2.552
Measurement Science and Technology,2.546
Review of Scientific Instruments,2.54
IEEE Transactions on Instrumentation and Measurement,2.534
IEEE Sensors Journal,2.528
Sensors,2.522
Acoustics,2.516
Journal of the Acoustical Society of America,2.51
Ultrasonics Sonochemistry,2.504
Ultrasonics,2.498
"IEEE Transactions on Ultrasonics, Ferroelectrics, and Frequency Control",2.492
IEEE Transactions on Medical Imaging,2.486
Medical Image Analysis,2.48
Physics in Medicine and Biology,2.474
Medical Physics,2.468
International Journal of Computer Assisted Radiology and Surgery,2.462
Computerized Medical Imaging and Graphics,2.456
IEEE Transactions on Biomedical Engineering,2.45
IEEE Reviews in Biomedical Engineering,2.444
Annual Review of Biomedical Engineering,2.438
Annals of Biomedical Engineering,2.432
Journal of Biomechanics,2.426
Journal of the Royal Society Interface,2.42
PLoS ONE,2.414
Scientific Reports,2.408
Nature Communications,2.402
Science Advances,2.396
Proceedings of the National Academy of Sciences of the United States of America,2.39
Nature,2.384
Science,2.378